{
  "accuracy": 0.855,
  "precision": 0.8556743156199679,
  "recall": 0.855,
  "f1": 0.8548000200606836
}